subject_id,slope_prothrombin time ratio
63255,-0.005833333333333329
167631,0.0003225806451612902
181721,0.004444444444444449
277443,0.00022900763358778644
508921,0.0
565571,-0.010000000000000009
576290,0.0
731209,-0.0034146341463414634
733188,0.0002702702702702705
803843,-0.00625
818356,-0.00010452961672473839
839228,0.007142857142857133
916296,-0.0003035714285714286
980890,0.002666666666666662
