subject_id,slope_total yield
157887,-2.454166666666667
172526,-1.308333333333334
282304,1.3428571428571436
453526,0.2742857142857149
913477,1.9151515151515146
